rating,text,date
1,"AirBnB is a horrible, untrustworthy service. They only protect the host.  Do not use!  I booked a 1 month stay.  Two weeks into the stay i discovered, after being horribly I'll, that the apartment was rampant with mold.  I had already paid out of pocket for an ER visit plus medications, and had missed a lot of work.  AirBnB support decided to only refund the unspent nights and disregarded my other expenses.  I would have forgone the medical costs had they given a full refund for the apartment, but they refused.  Total disregard for personal health and safety!",2024-11-04T02:50:46.000Z
1,"We rented a beautiful villa in Ostuni Italy advertised on Airbnb by two separate hosts. It was listed as Manager Special by one place for for a reduced rate compared with the other and we decided to rent it for 5 nights, assuming they were switching management companies.   Several days prior to leaving, I contacted Airbnb customer support to confirm our reservation beacause I did not receive the address or phone to contact our host. They replied with a fake city center coordinate and fake phone number so when we got to Italy, we had no place to go. Our current host managed to contacted the actual host  and received the address, but when we arrived at the property, they claimed they did not receive payment from Airbnb and if we wanted to stay, we needed to pay again. The cost was over $1500 more than the contracted price we paid online and Airbnb refused to refund the difference. I believe we were scammed and would never trust Airbnb site again. Buyer beware!",2024-11-04T05:34:12.000Z
1,"Taylor Swift concert attendees beware !! Airbnb hosts are confirming reservations to make their listing unavailable on the site. Then list the property privately for 10-20 times normal rates. When the confirmed Airbnb renter arrives to check in there is no key and they can‚Äôt check in. Airbnb does nothing to help . This happened to my daughters in Indianapolis. Airbnb terms of service states they will assist with alternate accommodation. They offered a refund in the form of a coupon for the next trip. Who would be stupid enough to use them again ? I told them to give the coupon to the person next to them because where it needs to go it should be shoulder depth at the least . I‚Äôm going to get busy on creating a site to review businesses that can get 1-5 star reviews and s**t stains like Airbnb can get multiple negative stars to reflect the actual rating they deserve. I feel nauseous giving them 1 star. I can use stars for mediocre to great and anything below zero measured in balloon knots. Up to 5 stars like normal, unlimited balloon knots.",2024-11-04T03:37:39.000Z
1,I booked a place for two nights for $350 and had to cancel two hours later due to unforeseen circumstances. Was issued a partial refund of $148. Next morning after my issue was resolved contacted the host to see if I can continue with the booking as it was still available and pay the partial refund amount as the host had kept $200 already. Had no response at all from the host. Contacted Airbnb customer service who after contacting the host advised that they could not help and if I wanted to book the place would need to pay the full price again meaning it would cost me another 350 on top of the 200 he already kept!!! Think it's legalised extortion. Airbnb took the side of the host. Have used the platform a number of times but will never use again,2024-11-03T05:39:21.000Z
1,"Airbnb is absolute TRASH. We stayed at a host property in Hollywood in February 2024. Today, Nov. 2nd, 2024, 9 months later, I get a message from Airbnb threatening to suspend my account accusing me of using the threat of a negative review to manipulate a host! WTAF?? No, I left a bad review because the place was a sh*thole and the stay was horrific! I had ZERO correspondence with the host about my review nor did I ever threaten the host. I asked Airbnb for evidence if they are going to accuse me of something and nothing but crickets. There are other options. Airbnb, you don't have to ""suspend my account"" because I will never use you again. Take your threats and shove it. VBRO has better properties anyway.",2024-11-02T10:55:23.000Z
1,"Awful platform as a host.Somehow I am rated a Super Host but this is nonsense AirBnB treat me awful. First of all every time someone stays they charge both guests and myself separate admin fees.However what's really upset me is sometimes bookings are automated and sometimes I have to approve. Seems random. Anyway today a booking automated and within an hour I tried to cancel as I was double booked and AirBnB actually charged me 50% of what was paid by the guest as a punishment for the cancellation. This is petty dictatorship type behaviour. I have asked to have my Super Host status removed as I don't want to be associated with AirBnB anymore and I'll cancel my account once all bookings complete.Honestly, if you are a host, don't bother.",2024-10-31T23:35:49.000Z
2,Greedy company.  Whoever cast the latest UK radio voice over for Air b n b needs firing. So irritating & smug.,2024-11-04T19:39:42.000Z
1,"Our stay was enjoyable until we encountered an unfounded claim from the host regarding supposed damage to the toilet pump. We used only the toilet paper provided, flushed nothing inappropriate, and ensured all other items (like makeup wipes) were disposed of in the trash. The pump was never clogged or malfunctioned at any point during our stay.Now, the host is demanding $480 for a repair we did not cause, attempting to hold us responsible for what appears to be pre-existing damage. This experience has left us feeling unfairly accused and frustrated by the lack of integrity in the claims. We do not recommend staying here if you expect transparency and fairness. This took place at 647 New London Rd. Newark, DE.",2024-10-31T02:57:12.000Z
1,"Our stay started off well, but it quickly turned sour due to an unfounded accusation by the host regarding alleged damage to the toilet pump. We used only the toilet paper provided, flushing nothing else, and disposed of other items, like makeup wipes, properly in the trash. The pump was functioning without issue during our stay, and the photo we were sent afterward clearly showed signs of pre-existing damage.Despite this, the host is demanding $480 for a repair we did not cause. The situation has left us feeling not only unfairly accused but also as though we were racially profiled. As respectful guests who take care to treat every property with respect, this experience was extremely disappointing and upsetting. We would not recommend this property to anyone who expects to be treated fairly and without bias. This took place at 647 New London Rd, Newark,DE!",2024-10-31T03:01:03.000Z
1,"I am a host on AIRBNB. I have had problems with my calendar opening itself up to guests at season-low rates after I blocked specific dates for season-high rates. I have called and complained to customer service numerous times, each time allowing guests to keep their reservations except for one. This guest booked during December in Hawaii at a very low rate. AIRBNB complied with my request to cancel their reservation. However, they charged me a $200.00 cancellation fee and removed me as a Super Host. I called customer service (AGAIN) to complain about the cancellation fee. Now AIRBNB has blocked my calendar altogether. We have stopped getting bookings for this unit since I asked them to cancel the unauthorized reservation. Also, every time I unblock the calendar, it automatically blocks entire calendar for 2024 -2025 and beyond. I have since started an account with VRBO but because I synced my calendar, AIRBNB is blocking potential bookings on VRBO and their affiliate sites.",2024-11-03T05:37:03.000Z
1,"I‚Äôd give them zero stars if this platform would permit it.I‚Äôm going to be guarded about how much is disclosed here given the possibility that we may commence legal proceedings against AirBnB and or the host.Unsafe electrical supply, two middle aged people basically made homeless in a foreign country and our account deleted in an attempt to cut us off from complaining.We were also charged over 50% of the original fee for 2 out of the 7 nights booked.Time to make some noise!",2024-10-28T18:10:22.000Z
1,"We recently stayed in an AIRBNB that was unsanitary, unclean, and had no top sheets.  The owner also lied about the mattress quality.  We were forced to leave after one night and the owner did not offer to fix the problem or give us even a partial refund.   We paid for 5 nights - about $800.  I have a bad back and ask the owner/host specific questions about the mattress BEFORE BOOKING and he lied.  Just as bad, AIRBNB did not help at all.  All we ask for was a partial refund.   They completely sided with the HOST even though he lied and admitted to unsanitary conditions.   People please be aware that AIRBNB will likely side with the HOST, since they get a percentage of the rental fee.  Also, help others and complain.  If you SEE something wrong, say Something in your review!  Thank You.",2024-11-01T22:30:06.000Z
1,"An abusive company and their only concern is to earn money. Up till today I had completely a different impression but today I see that some ambassadors are not being neutral, they are protecting one party other than being a neutral mediator. I have asked them to cancel my booking and they didn‚Äôt! I ended up paying a fortune, for a flat that I didn‚Äôt even stay! I feel abused, I feel my time and money is stolen! For two days now I am waiting for them to resolve a problem created by them! I am a super host and I unlisted my listing right away. If they are treating me like a host, I don‚Äôt want risking my guests being treated by them as I was treated. I am deleting the app and I will stick to using other apps such as booking,reserving etc. If you have self respect,please do something good for yourself and avoid booking on this company.",2024-10-30T22:30:43.000Z
1,"Impossible to book something, keeps asking me to put email , phone number and profile picture and keeps saying I already used that phone number but when I log in on the phone number it asks me to verify an email address that I don't have ! Endless loop I'm in for 4 hours !!!!!!",2024-10-30T19:12:43.000Z
1,Airbnb turned my house into a clandestine ** lab and does not want to take responsibility for it. I have been out of my house for more than a year. The house was shut down by the county and the fbi is involved looking for suspects. I asked them for help since they have a ‚Äúmillion dollar insurance‚Äù and they don't want to help me!! I attached an e-mail of their response when I asked for help to get my house back to liveable conditions. They said it was not under their terms.,2024-10-31T03:12:33.000Z
3,"Not a ding for the actual Airbnb app, but a ding for the treatment by the owner after the stay. We stayed in a beautiful home in NOLA for a week. No issues with the home itself, but after leaving the home, (we stayed at a hotel for 2 days after while still in town), I inadvertantly left behind property  in a bedroom drawer (Samsung Pixel earpods, portable cellphone charger, RayBan prescription eyeglasses, RayBan sunglasses). Owner would not let us return to the home to collect items becuase it was already occupied? They first said they did not find any proeprty, and then claimed they only found the eyeglasses which I had to describe, and said it would  cost $100 to mail them back to me in California. I understand it was my mistake for leaving property behind, but there is no way the home was occupied 2 hours after we left. I have a relative who said she would go pick up the items for me and at first the owner said yes, then a couple of days later (they would not respond to text messages or phone calls) said no because it was a security risk and they could only mail them to me. I know they took the missing items and It will cost me hundreds of dollars to replace everything but lesson learned, keep everything in my suitcase from now on!! So angry!",2024-11-01T18:58:22.000Z
1,"The worst service I have ever received from a company. We hosted for 3 years through this service making Air BnB thousands of dollars, they never backed us up when guests just used their review system to get out of pay for damages and when you use their so-called $1m cover, they bargain you down on the cost of the damages without any course to rebut. horrible experience and would not host with them again, I hope with this kind of customer service they go broke.",2024-10-29T13:57:27.000Z
1,"I am traumatized from staying in Airbnb.  And a big part of the issue is that community at large is so heavily composed of deranged unprofessional idiots.  I‚Äôve been bullied massively by hosts and other guests.  I‚Äôve had a host call me a ‚Äúslave‚Äù, through a wall before while threatening me.  I‚Äôve had other guests taunt and threaten me.  Lots of taunting and shit talk through walls, which is beyond ghetto and rude.",2024-10-27T01:05:51.000Z
4,"I got nagged today from an Airbnb host to change my (unread) review to ""only 5* because Airbnb regard 4* as bad, and I will get in  trouble"". Clearly the whole reporting system is broken if that's the case, and I should never waste my time doing reviews again, and my personal crop of guest reviews recorded, that a host might check, is positive. Airbnb are fools in letting people's reluctance to give criticism meaning that good is bad. Writing a nuanced review is hard, and clearly pointless if only the numbers matter.",2024-10-25T12:23:00.000Z
1,"On most occasions when things go wrong with their web booking system, Airbnb have treated us, their host customers, with contempt, indifference and disrespect. If you have a problem caused by their not-fit-for-purpose software, they will go to great lengths to gaslight you and prevent you getting through to a technical person who might be able to correct the issue quickly, in the hope that you will give up. They go to the ends of the world to prevent you from communicating directly with the customer. They intimidate you by treatening to withold YOUR money if you dont send them a photocopy of your passport. They take days to resolve software/ synchronisation issues with your Channel Manager-Eviivo, in our case. They always say its Eviivo's fault, whether it is or not, and some don""t even offer the most basic advice.Most don't offer to help, and dont phone back when they say they will. This week, they sent 2 groups of guests to the same chalet and their messaging software had de-synched from ours. Told us it was our fault. Eviivo got them to fix things amd sent us a link.Now  their software has shown both chalets unavailable till 22 Nov but 1is vacant. Been waitin 3 days for them to fix that. Ongoing.......We are on many website but our advice to anyone just wanting just1 Online Travel Agent is to avoid Airbnb like the plague, they will have you tearing your hair out with fristration! Booking.com have a much better system- it works properly and they will actually help you if you need it. To sum up:- hosting on airbnb ? AVOID!!!",2024-11-01T22:19:59.000Z
5,"Home away from home! Our apartment stay a Grace House was spacious, clean, and equipped with everything we needed. Convenient location and seamless check-in made it a perfect choice for a comfortable getaway.",2024-10-27T11:26:07.000Z
1,"I‚Äôve been renting STRs for well over 30 years and have had good experiences until now. I‚Äôm at a property where the host is scamming me out of thousands of dollars and Airbnb so-called ‚Äúsupport‚Äù is allowing it. There have been several issues with this lengthy stay and I‚Äôll come back to add details when I have more time, but for now I‚Äôll just say this situation is outrageous. I have learned from this horrendous experience that Airbnb protects unethical hosts and gives NO protection to guests who get ripped off.",2024-10-26T20:18:18.000Z
1,"After being a client for many years, I assume that Airbnb service got worse üòï. I didn't get my refund for the horrible apartment I rented. I get only promises from the Airbnb team that money is on the way. But it's already a month!!! ‚Ç¨172.90 just disappeared on the way to me... Big mistake guys...",2024-10-30T10:30:24.000Z
5,One of best support I have seen. I have been traveling in Europe and using Airbnb for almost 4 months continuously now. Every time I reach Airbnb for some they not only try to resolve issues but also do proper follow ups,2024-10-25T15:03:30.000Z
1,"Awful awful awful. Got to a property full of cockroaches that hadn't been cleaned and the team at AirBnB abandoned us for the night saying they had to ""mediate"" with the host, whilst fully aware we had nowhere to sleep. No help whatsoever, pathetic compensation and I'm now out of pocket for an inadequate property they happily continue to display on their platform. Interestingly, any negative reviews can be avoided by hosts as they will simply refuse to write one for those staying, meaning that when they know people will not be rightly complimentary about a property, they can just do nothing. Terrible customer service, questionable properties.  Never again.",2024-10-26T15:22:41.000Z
1,Airbnb has a policy that reviews can only be made within 14 days. Explaining that this is not long enough of a time to post a positive review for a host - airbnb did not care.,2024-10-28T13:24:49.000Z
1,Worst platform on planet earth. They have removed my review about my experience with one host where I wrote exactly what happened. But they kept the host bad review about me. And I paid the money as they asked me to do. Fully. This is the worst company on planet earth,2024-10-31T17:10:17.000Z
1,Airbnb allow a misleading property to be advertised on his site and I booked. After I found out and cancel my booking in less than one hour they never refund me my money. Airbnb is an unfair company and does not take care of customers money. Be careful.,2024-10-24T13:49:17.000Z
1,"Don‚Äôt book #Airbnb. They don‚Äôt care to leave you homeless.I booked 6 weeks ago, today they canceled my reservation, 3 hours before check-in. They wanted me to accept a worse place in a worse location. I didn‚Äôt accept and they canceled. I‚Äôm traveling with three kids in NYC area. Imagine the fun of having to find a new place in no time.Shame on you #Airbnb .Please share so other people don‚Äôt have to go through this experience.Use other platforms instead.Shame on you #Airbnb talk to my lawyer now.",2024-10-24T22:42:56.000Z
1,"Airbnb does not care about vacation home renters. I booked a house that apparently had no heating, it was hidden under ‚ÄúAmenities‚Äù and not clearly stated in the description which talked about everything including No Pets Allowed but could not dedicate space to not having heat. It was going to drop to freezing during my stay and that was just not an option. People die from hypothermia. When I tried to cancel, the management wouldn‚Äôt return me a full refund. Airbnb subsequently refused to help either. Heat and the survival of its customers is clearly not a basic requirement. Before you book anything through Airbnb make sure you ask the right questions, is there heat, running water, potable water, flush toilets, no pests, etc. because don‚Äôt take it for granted. It could be tucked away under a pulldown tab somewhere.",2024-10-21T14:49:10.000Z
1,Not even arrived at Tarka Lane in Woolacombe yet and have been informed that the cost of the hot tub is an additional ¬£150 on top of the ¬£880 already paid for 4 nights. When I booked this property it clearly stated that the property comes with a hot tub and it was listed in the pictures advertising the property too! Complete false advertising! I will be taking this further I can assure you but pretty much ruined the holiday already and we haven‚Äôt even set off yet! Please people BEWARE WHEN BOOKING TARKA LANE IN WOOLACOMBE!!!!!,2024-10-21T11:20:28.000Z
1,I was trying to work out a refund issue and I was appalled at the customer service from airbnb.  I spoke to at least 4 individuals (each time getting no where and asking to escalate to their manager) and each one said the same canned lines and none actually took any time to understand the issue- It was beyond frustrating and I will not use airbnb again.,2024-10-28T18:57:16.000Z
1,"I just want to inform everyone of a scam on Airbnb that just happened to me. Airbnb has not been helpful on this in the slightest. It converns reservations that can‚Äôt be cancelled. Basically I reserved a stay that was not refundable which is fine because I was set on going. Right after the payment, the scammer host messages me telling me that the dates don‚Äôt suit him and that I should cancel. I tell him that I can‚Äôt cancel because I won‚Äôt get refunded but that he should cancel on his end. He refused to cancel because he wants me to so that he can pocket the money and then open the reservations again to be paid double. Airbnb is NOT helpful and not responsive. They‚Äôve left my chats on read with no responses and every time they call the only response is 1) sorry we can‚Äôt help you it‚Äôs another service and 2) we can‚Äôt transfer you to this service.",2024-10-24T17:34:34.000Z
1,Air B&B have taken ¬£150 for 2 bookings before the host even accepted the booking. The host didn't accept the booking. Its been 2 weeks and no money has been refunded! Several calls Such poor customer service zero care or understanding to rectify the situation. They open cases of enquiry and close the case before it is resolved! This means calling and going through the stress again to get it resolved.I book hotels for work and I'm missing ¬£150 I needed the money to book other accommodation!! They are incapable of understanding how the missing money for 2 weeks would inconvenience me! Still chasing the payment! This puts me off using air bnb ever again!!,2024-10-17T11:51:22.000Z
5,The Airbnb website is easy to use for guests and hosts. I am both a guest and a host.  I'm also listed on booking .com and let me say their website is difficult for hosts to communicate with guests. Also they do not always relay check in info. To guests. I have been woken up at 1am with guests trying to pay cash......,2024-10-25T15:29:40.000Z
1,"The airbnb I arrived at in LA had massive issues (flies and smell everywhere) so i called airbnb. They asked me to make another booking. Which i did. But they only refunded my first booking as credit. Refusing to give a refund to my card. Now a year, this credit expires. Which they barely allowed me to extend. Then they didn't allow me to make smaller bookings with this credit. If i use it for a booking worth less money than the credit then i lose the credit. This is insanse. Just give me a refund for the service you were not able to provide!",2024-10-23T00:56:03.000Z
4,"Tejas M.- from customer support did go above and beyond to resolve my issue , Starting from trying to contact the host on my behalf and got me a replacement just on time along with a compensation deu what happened. I've been using Airbnb for 2 years now and whenever i face any problems the support is always there . Keep up the great work and Tejas definitely should be promoted !!!‚ú®",2024-10-11T12:10:11.000Z
2,"Here‚Äôs a review you can use for Airbnb:---Airbnb is a convenient platform, but it could definitely improve. One major issue is the overpriced cleaning fees, which often make what initially seems like an affordable stay much more expensive. It can be frustrating when the cleaning costs are almost as high as the nightly rate. If Airbnb can address this and ensure more reasonable fees, it would be a much better experience for customers.",2024-10-10T14:02:43.000Z
1,Over ¬£700 in Air BnB fees plus additional cleaning fees for a months stay at a property. Absolutely not going to pay this. Deleting my Air BnB account already.,2024-10-21T05:52:54.000Z
2,Airbnb customer service was great. Very responsive.My host by the way- not so great. I wound up cancelling due to work date changes and cancelation policy was refund 50%. They just decided that the portion I had paid was the 50% unpaid. That being said- this is not the first time. Airbnb hosts will burn you and rip you off ANY TIME they have the opportunity. If you use this service your trip must be solid and everything must be left as if you were never there- bed made and all. My host this time rocking the fine print:Jaqueline and Danisha of CaliforniaBe careful guys! There‚Äôs a reason you have to meet certain criteria to leave a review anywhere!!!!,2024-10-17T22:39:55.000Z
1,Landlord rights are never protected.There will always be horrible guests who make up lies to get refunds; Airbnb will always favor the guest; even if the guest has no actual proof.,2024-10-17T13:09:24.000Z
1,"Support will literally lie to your face saying they tried to resolve something, only for the client to show you that that was indeed a huge lie",2024-10-25T16:44:07.000Z
5,"We were due to go to Lucca in Tuscany but, unfortunately, two hours before we were due to leave home for the airport, my wife was taken ill and we were unable to travel.I went onto the Airbnb website at about 02:45 and advised that we would have to cancel our booking and with 5 - 10 minutes Airbnb contacted me to say  that they had (already!) refunded a little over 50% of the cost of our booking. (Hopefully, we'll be able to reclaim the rest from our travel insurance!)I have to say that I was expecting a bit of a fight to get anything back and I am just ever so impressed that Airbnb refunded this money so quickly.Thanks Airbnb.",2024-10-14T19:15:06.000Z
1,"I recently fell victim to a scam facilitated by Airbnb. After booking a month-long apartment in Nottingham, I arrived to find a filthy, dilapidated space that bore no resemblance to the advertised photos. When I contacted Airbnb's customer service, they were dismissive and insisted I reach out to the landlord directly.The landlord promised to send someone to clean and contact me with an update, but I never heard from him again. Upon returning to the apartment, I found it still to be in a disgusting state, with the bathroom being particularly appalling.I reported the issue to Airbnb multiple times, but their response was always the same: they would 'look into it' and get back to me. Frustrated and out of options, I was forced to book a hotel room. Despite providing video evidence that the apartment was not as advertised, Airbnb refused to issue a refund.This experience has made me wary of using Airbnb in the future. It's clear that the platform is not doing enough to protect its users from unscrupulous landlords.",2024-10-23T13:04:45.000Z
1,"Horrific experience, will never use Airbnb ever again!!This has to be the most insulting company on the planet to customers who pay hard earned money to be ripped off and have their special times ruined. We booked a private home to spend our wedding eve and day and night in, with our immediate families. The home looked fabulous on the advert, It was failed to mention it was a functioning bed & breakfast, with cameras inside the dining room and the owners living behind adjoining doors marked 'private'. my phone number was given to numerous people without my consent who contacted me. our conversations were overheard and even to the point I was contacted regarding an issue we had not even discussed with the 'host' 'owner'. Airbnb are so obstructive, they want the customer to prove the faults via photo when in reality all we wanted to do with our families was get out of there. I will never ever use this 'organization' again. it is a scheme set up to rip people off and not take accountability, for the lack of information in hosts adverts and transparency in the rules of the home, which the hosts can change at the drop of the hat. Customer first I think not",2024-10-23T21:47:57.000Z
1,"What a load of rubbish. Signed up to use Airbnb for the first time tonight, wanted to book 3 separate stays, booked the first one without an issue however when I tried to book the second one I was told my account was under review. They wanted proof of ID which I uploaded, it said it was accepted but it still wouldn't let me pay for my second trip! Contacted support and was told it was a site issue and I have to try again in 24 hours! No thanks, wanted to get it booked tonight so I'll just head elsewhere, plenty of booking sites about that work! First and last time for me.",2024-10-16T23:31:27.000Z
1,"What a garbage company. I‚Äôm a hurricane victim of hurricane Milton, and had to rent an Airbnb to evacuate. The house was riddled with roaches and various other bugs, and came with stained bed sheets. This occurred 10/8 and I STILL have not even gotten so much as a call to get a partial refund. WHAT ELSE GRANTS A REFUND?! It ridiculous, and clear that Airbnb doesn‚Äôt care in the slightest for it guests/travelers. NEVER USE AIRBNB!",2024-10-16T16:14:57.000Z
1,"Airbnb has incompetent employees who do not even understand their own policies. I should be able to receive a refund based on the local state of emergency in Florida due to Hurricane Milton under their own Major Disruptive Events policy. They claim that because the host does not want to refund our money, they cannot do anything. That's the point of the policy! What a joke. I will never book with this company again and will encourage others to avoid them as well. I plan to report to the BBB and pursue legal action as well.",2024-10-09T00:05:42.000Z
3,"Having constant issues with their website sending my guests the wrong address.Called them to sort it, it‚Äôs showing correct on website, but sending wrong address to ppl.I update arrival guide information weeks ago and guests are still being sent the wrong thing. Meaning they can‚Äôt find the place.The website itself is causing bad reviews.It‚Äôs hard to navigate, the information is all over the place.I did start getting bookings right away which is great.But I need instant updates when I edit stuff to give my guests a better experience.",2024-10-04T22:35:50.000Z
1,"As a host the Air Customer Service is deeply disappointing, they answer the question they want to not the question you ask. For example I requested a breakdown of the guest fees as on my system guest was being charged ¬£56 but Air charged guest ¬£67 booking fee.Their response was, we have to charge fees to cover our costs - so frustrating, I wasn‚Äôt asking why they charge fees, I was asking why there was a discrepancy between what I was told and what the customer is charged. Hugely frustrating as I have a single property and they‚Äôre a global powerhouse who just don‚Äôt consider your question important enough to answer properly so you get a stock response.",2024-10-19T16:13:32.000Z
1,As a host I am shocked and disgusted at how poorly this business framework negatively impacts hosts property and incomes. Do not rent through Airbnb unless you want trouble and not support from this platform. You provide a 5* experience for all guests but every now and then you get terrible guests who make up lies and trash the house and then claim refunds. The airbnb team always rule in favour of the guests and you don‚Äôt even get a chance to counter or see any ‚Äúevidence‚Äù they provide. It‚Äôs outrageous. The worst part is they do not even tell you that deductions will be made or give any communication to this affect so you are essentially financially harmed at a random future date. It‚Äôs unacceptable when this income supports hosts lives and we haven‚Äôt done a thing wrong but provide excellent accommodation and adhere to standards. There is no wonder people are not hosting here anymore. Avoid.,2024-10-14T17:48:04.000Z
1,"Oh how I wish there was a zero star, they do not deserve a 1 star.  They are absolutely the worst company ever.  NO PROTECTION for hosts whatsoever.  BEWARE!!!  Move to Vrbo, they actually make efforts to support their hosts.",2024-10-17T19:03:42.000Z
1,"I had a frustrating experience with Airbnb that led to my account being restricted because of issues with guest capacity and payment processing. I tried to book a stay, carefully adding both overnight guests and visitors within the maximum limit the app allowed. However, the app didn‚Äôt provide any warning or indication that including visitors might cause a problem. I assumed everything was fine since the booking system accepted my input.Things got worse when my payment was declined without a clear explanation, and shortly after, my account was restricted without notice. It felt unfair since the app‚Äôs lack of clarity misled me into thinking my booking was in compliance. The absence of helpful error messages or warnings made it impossible to address the issue before Airbnb took action.Airbnb really needs to improve its guest management system and provide better real-time notifications for errors. Users should be warned about potential violations upfront, and payment errors should be explained clearly. Until they fix these issues, I can‚Äôt recommend the app‚Äîit‚Äôs too easy for small misunderstandings to lead to big headaches.",2024-10-23T22:30:28.000Z
5,"I joined Airbnb in January of 2024. Not knowing what to expect I was open minded and expected some teething difficulties.I can honestly say it‚Äôs been the best thing I have done in ages.It‚Äôs enabled me to stay in my beautiful home now I am widowed, and I have thoroughly enjoyed meeting some truly wonderful people.Maybe I am the lucky one but 95% of my guests have been lovely, the few that have caused damage have been dealt with promptly and fairly by Airbnb.I feel supported and secure in the knowledge that there‚Äôs always someone there to talk to.It‚Äôs a massive thumbs up from me, Thank you",2024-10-09T16:42:37.000Z
1,"Apartment wasn't ready for 2pm check in.  I waited until 8.30pm but no contact,  so booked a hotel.  Was contacted by the very rude Marguerite (17 rue des Rec******, 75010 Paris) who agreed to refund the hotel if I left a 5 star review and would only pay after I could no longer amend my review. I advised Airbnb that the host was trying to manipulate me but they decided to side with the owner despite me sending photos and keeping them advised of what I was doing,  so I ended up paying for the hotel and also the apartment for that night and Airbnb kept the property on their website as the owner was more valuable to their business than I was.  I will never use them again - and stay away from Marguerite - she's completely nuts....",2024-10-13T17:26:32.000Z
1,"I have a Single-Family Home set up for short-term rental. I thought I would add Airbnb to help improve my rentals. This was a disaster. The directions are terrible. I tried to do everything they said to do. They sent me a message that said it would take up to 10 days to approve my application. Then, the next day, they rented my home in February without even consulting me at a price half of what I get for in-season rentals. I have already rented for almost twice the price they set for that period. The price was set for off-season rental rates. If that was not bad enough when I contacted them they blamed me for not knowing how their terrible programs work. No customer care. They wanted to charge me $50 plus 10% of the rent.  Sorry, I am not going to let a big corporation push me around.  If you do business with them be careful all they want to do is use your property like a prostitute. They do not care about the owner of the property. When I talked with them they blamed it on third party. (someone in the bask office said bla bla)",2024-10-23T18:27:49.000Z
1,"I booked through Airbnb and payment was taken, 10 days later under the same reservation code a further $125.00 was taken, I have sent several messages to Airbnb support to only keep getting the same standard answer, that someone else must have booked on my card, even though I‚Äôve explained to them it‚Äôs the same reservation nr and does not show up in my app. It‚Äôs been a month now and still no intrest from them in sorting this out. Now when I contact them they close the case before I can even ask them what‚Äôs going on. Not impressed at all, I will never leave my card details on my app again!",2024-10-08T17:17:55.000Z
1,"Airbnb's high booking fees are a bitter pill to swallow, especially when their support system proves unhelpful. Our recent stay turned into a nightmare when the apartment we rented lost power for two entire days. Despite our immediate appeal to Airbnb, their response was more platitude than problem-solving.We were left in the dark, literally and figuratively, without basic amenities like Wi-Fi, heat, or refrigeration. The experience was nothing short of a disaster. To add insult to injury, Airbnb refused our request for a partial refund, even for just one of the days without electricity. Their lack of empathy and support is a stark reminder that when things go wrong, you're essentially on your own.If you're considering Airbnb, be prepared for the possibility of encountering issues and receiving little to no assistance.",2024-10-19T20:19:54.000Z
5,"We booked a villa in Corfu at fairly short notice via the air bnb website (2 days before). The villa was supplied via Hestia travel Corfu, on it‚Äôs list of amenities was flat screen TV and free internet throughout. We arrived at a cute little villa with a pool, albeit rather remote in the hills.  Unfortunately, this is when the issue became apparent - there was no usable Internet with initially download & upload speeds of only 0.75 MB/s and 0 MB/s respectively measured at the router using the accepted Ookla international standard.  This only ‚Äòincreased‚Äô to 1.3 MB/s and zero, respectively on rebooting.  This was too slow to support the advertised Smart TV streaming Netflix and impossible to send even basic messages!  We had to drive to a Taverna to borrow a phone to message the ‚Äòhost‚Äô Georgios of Hestia Travel Corfu.In fairness, he arrived promptly BUT was passive aggressive from the outset stating ‚Äúthe property has WiFi but just not fast WiFi‚Äù - but look at these speeds!  He didn‚Äôt call the ISP for advice or arrange an engineer (but in truth really needed to spend some money on a decent data package).  Rather, he pretended to accept the cancellation and agree a refund as we had to find alternative accom and then barely an hour later, denied  it despite the evidence.  Airbnb were brilliant and managed the full refund (of which to date Hestia Travel has only offered two nights refund despite Airbnb upholding our complaint based on the attached evidence rather than the host‚Äôs unfounded comment since he had zero evidence).  Throughout Airbnb communicated and advised us and really listened. My husband and I were very impressed with the service.",2024-10-20T11:14:53.000Z
1,"Rental Unit was over hyped with blatant lies. Unit was a fire trap no working smoke detectors and the bedroom was in the basement with no secondary exit. Owner only disclosed just prior to our arrival that she lived in basement as well. Our bedroom was less than 5 feet from this flimsy door with a pane of frosted glass running through the middle of the door with a with some cheap material covering the window ( HOW CREEPY THAT HER UNIT WAS BEHIND THIS FLIMSY SETUP) Airbnb were absolutely uncooperative. There C/S area is full of poorly trained staff who lie through their teeth and go back on there word STAY AWAY FROM AIRBNB. Not sure how they vet there prospective hosts and their properties. As Blatant of an issue AIRBNB supported there host over there guests So you can see where there allegiance lay so RENTER BE VERY AWARE!!! The Mill Valley C A Fire Department was notified and had no idea this 1 Kilmer Crt address was even an Airbnb. Host maintained her home was on a quiet Cul De Sac when in fact is cheap row housing on a dead end street next to a major Freeway not the ""BEST OF MILL VALLEY...STUNNING VIEWS"" WHAT A LOAD OF CRAP",2024-10-12T12:49:55.000Z
1,"Utterly, utterly abysmal customer support from Airbnb. Was told I could cancel a booking in the light of Hurricane Helene and would get a full refund. 6 days on am still fighting to get it. Support just goes round in circles between me and the host, who is more than happy to offer a refund - it's the call centre/support centre that it completely useless. Previous Airbnb experiences have been good but after our next few bookings I won't be using them again.",2024-10-05T18:06:43.000Z
3,I have used Airbnb regularly for several years and stayed at excellent places at good prices.  However it seems that increasingly there are dubious listings.  A very common one is for a property which is listed as available to not be be available when you try to reserve it.  The host then tries to offer an alternative ‚Äòoff-App‚Äô. I haven‚Äôt gone down this route but the concerns are obvious.  AirBnB needs to sort this,2024-09-27T15:43:18.000Z
1,"Awful company. Thought I‚Äôd join up and had an awful onboarding experience which required them to call me and me to call them. 4 weeks later I get a phone bill for ¬£140 for 25 minutes of sorting out stuff, which needed to be sorted becuase there website didn‚Äôt work. They are con artists. Ive never had a worse experience with any compan. Do not call them it costs ¬£5 per minute. Criminal organisation",2024-10-05T15:14:20.000Z
2,"I booked at Airbnb recently, and I was pretty disappointed. The place looked nice in photos, but it was smaller and not as clean as I expected. The host was hard to reach when I had questions, which made things frustrating. Plus, there was a strange smell in the apartment that didn‚Äôt go away. I really wanted to love my stay, but I ended up feeling let down. I think I'll stick to hotels next time.",2024-10-11T10:34:24.000Z
1,"I feel bad I cannot leave 0 star. They pretend to be a very strict website with a lot of terms and conditions but none of them protects the hosts. They wasted 20 days of mine responding to them and answering every question. They started asking the same questions many times. It was an awful experience.What's mostly important is that they didn't send me my last payout. To avoid any other complaints from my side they and to avoid sending me the payment they decided to block my account and deleted it before I started to complain. They say I had the right to appeal and to reclaim my account back, but trust me. It is not worth spending another week waiting for their response because they will always give you a negative answer.",2024-10-08T19:57:42.000Z
2,"Despite being described as airconditioned, there was no aircon in the masterbedroom in the house just a fan and a heater (not helpful in above 30s heat}. The bathroom had a nasty smell and the shower was overflowing. We left earlier despite no refund and no cancellation policy. Airbnb took our review down stating their policy. They are not interested in true reflection of facts so can't be trusted.",2024-09-22T22:26:45.000Z
1,"Absolute Joke. Tried booking for 2 night. Spent 3 hours trying and got nowhere.. 2 Hosts would not accept our booking. One was A Modern furnished flat in the heart of the city chelsford hosted by Tee, the other was two Bedroom Flat with En-Suite hosted by Kelly. Avoid these places.. Will be using booking.com from now on!!!",2024-10-08T23:37:24.000Z
4,"Some good, some bad as a renter. Occasionally someone will offer that isn't permitted and it will fall through. I don't think people feel free to leave poor reviews as they get rated as guests, so read between lines. Also BE A GOOD GUEST as there are neighbors. Mostly decent experiences",2024-10-04T03:11:12.000Z
1,"False information about issues when dealing with Airbnb ambassadors.Very inexperience, very irrational with the way they handle issues that are concerned to the hosts.Always a terrible experience with them.Recenly on the media, many hosts are delisting from Airbnb because of the very high fees they now charge.I been with Airbnb for 15 years.Was great at the beginning but gradually deteriorated especially when they outsourced there calling center to Asia Horrible to deal with",2024-10-11T23:01:20.000Z
1,"Absolute shambles! Cancelled our stay at our accommodation 3 weeks before we were due to go. We as a group had all ready booked different activities for this stay. They gave us some alternative options that weren‚Äôt even for the same dates. We have now got to wait up to 15 business days before our money even comes back through so we cannot book anything else until this returns. Customer service is shocking, no help, no advice, nothing. Will not be using again!",2024-09-23T07:46:29.000Z
1,Very bad experience. I had a booking for my birthday this year and just before travelling my husband had a medical emergency and couldn't travel as planned. So I called the host from Love On Balluta Bay Beach - Apartment and explained the situation and told him that will arrive 2 days later. But initially asked me to cancel the booking but said he will accommodate us. But he lied and a few hours before travelling we had to get even more stress and had to call Airbnb multiple times to help us find a resolution. Airbnb only gave us half of the money which was paid and the rest was stolen by the host. The people from Airbnb said they will fine the host who was a scammer but nothing happened. It's a pity that when there is a problem Airbnb doesn't care about sorting it out.,2024-10-08T22:25:06.000Z
1,Their ratings are absolutely justified. They are a horrible company. They just wash hands off when their hosts make mistake. For keeping the customer out in the open in the middle of a cold night they offer 50 pound compensation. It clearly shows the how much they value their customer and it very well reflects in their trust pilot rating. I am going to sue you any ways,2024-10-03T23:03:00.000Z
1,Airbnb would not do anything when a host posted lies about our stay in a review.  This was defamatory and proven lies.  The host expected daily check ins and multiple head counts throughout the stay. She had cameras throughout the home that she stated were not on.    We were there for a funeral and did not have time to respond during a funeral. I did not complete a review since the home was nice and I did not want to commenting on the hosts overbearing personality that could hurt her future business.  I will stick with Vrbo moving forward.,2024-09-30T01:41:39.000Z
1,"Customer care representatives lacking in knowledge. extremely poor customer service‚Äîvery critical, never offering assistance. Each representative establishes his own guidelines and expectations. going against their policy. They spoke with such terrible English that people could hardly understand their accent. made unjust decisions ALL the time. You never get to talk to someone who is sympathetic to your plight. just decide to send you a message about it and never truly talk about it. extremely inexpensive labor representative in the Philippines and India who isn't under the USA office's authority, thus they act based just on their own emotions. In the end, Airbnb is failing because of these terrible, illiterate customer support agents.",2024-10-15T07:11:18.000Z
1,They have taken ¬£500 for a booking that wasnt confirmed within 24 hours. The booking request was withdrawn and they say it can take 14 days to get money back. I am now stuck in France with nowhere to stay and they have all my available money. Using them again is now completely out of the question.,2024-10-17T14:52:43.000Z
1,What a terrible platform!!!! Charging insane service fees to the guests for zero service at all!!! They refuse to refund service fees that they charge despite canceling the booking arguing that it‚Äôs at the host discretion. This makes zero sense. How is a fee charged by the platform to the guest at the discretion of the host?The customer service is a completely useless black hole.,2024-10-14T21:19:19.000Z
1,"I‚Äôve been SuperHost for 3 years. Due do illness I had to cancel one booking reservation 2 months in advance. The customer service never replied me back. I had assistance twice and both of the times they gave me totally wrong solution, they can make mistakes, but if you do one, you loose the SuperHost status, while I‚Äôve had 51/51 reviews with 5 stars, always reply back to the guests within 10 minutes and even if I was locket out my property from a guest at 1:00 am refusing to let me in, I didn‚Äôt cancel this booking, even if I was in title of it. After 3 years I won‚Äôt do Airbnb anymore, I‚Äôm not surprised about the terrible reviews you‚Äôve got over here. I‚Äôm gutted and I highly not recommend this app!",2024-10-07T11:10:26.000Z
1,"Airbnb used to be helpful when travelling because it was cheaper than renting an hotel room. But right now, it is as expensive or much more expensive than hotel rooms. Moreover, you need to pay unjustify hundred dollars in cleaning fees when you have to clean yourself the place before the check-out: take out the garbage and recycle bins, put all the dishes in the dishwasher and starts the machine, strip the bed and group dirty linens together, clean the kitchen counter, etc.",2024-10-01T00:24:49.000Z
1,"Property safety issue and customer service that doesn‚Äôt listen Had a recent stay where the TV was not properly fixed on a unit, now Airbnb are asking me for funds. No matter how many times I ask them to speak to a supervisor nothing happens. Avoid at all costs",2024-10-06T00:17:37.000Z
1,"Airbnb is an utter scam. I booked accommodation for myself & some friends that will be visiting me from abroad, the money got taken from my credit card, but then the host decides to cancel my booking because she‚Äôs greedy and wants more money (yep, apparently that‚Äôs ok to do - no repercussions for the host). So now, not only do I no longer have accommodation, I also can‚Äôt use my credit card because Airbnb won‚Äôt release the funds for at least 7 days. I‚Äôve tried contacting their customer service department who have fobbed me off and tried to blame my credit card company, and basically said they won‚Äôt do a thing about it.So I can‚Äôt book any accommodation or use my credit card until I receive these funds back - and who knows when that will be? My credit card company told me it usually takes Airbnb around 10 days to release the funds.This is disgraceful - how can they get away with this??? Not only are their fees outrageous, their customer service is in the toilet, and their hosts can apparently act however the hell they want.",2024-10-14T18:32:58.000Z
1,"Do NOT trust Airbnb.  Shamelessly dishonest with their ""Aircover"" scam. Can‚Äôt understand why the Better Business Bureau has not fined them.My case deals with a reservation on an apartment in Toronto in which Globalstay (the host) is not happy with the price I am paying and decide after 3 months that they will have to cancel my reservation. Of course, there are no apartments left in that price range, so I ask Airbnb ""Aircover"" to pay the difference for a comparable place. No go.  They will not ""cover"" anything.  Just scandalous.  Do not use this company.  After 10 years as a superhost on their platform, I‚Äôm done!",2024-10-03T13:09:26.000Z
1,"The Customer Support team is useless.Clearly no consistent training provided across the company.The host house we stayed at was infested with bedbugs.We were not advised of the AirBNB policies regarding this. They're meant to pay for you to stay in a hotel (3 nights) and clean your clothes.Instead they actively pass you around, not advising you accurately in the attempts of making you give up so they don't have to pay for any of the expenses.We spoke to 5 different representatives and they all kept advising us differently, they closed tickets which still had open issues or directed us to links and forms, which the website would not allow us to complete.One of the worst companies I've ever had the displeasure of booking with",2024-10-01T18:04:26.000Z
1,134 Graham Road Southampton is the most dirty stinking place I have ever seen . This place was horrendous no windows no fire escape and in a very dirty slummy area . Advertised as luxury it certainly was not luxury . Absolutely stunk . Unable to stay in the place had to move to another hotel to safety .,2024-10-06T20:57:52.000Z
1,"Careful of previous guest reviews on Air B&B /As a guest of self catering apartment in the South of France -  we arrived to a quirky apartment that had some nice photography on the website. Dropped off our gear did a quick shop- set to make a simple dinner. Our apartment had very little utensils to prepare food, apparently Air B & B said this is not a requirement - but not to bore you not even a tea towel or dishwashing liquid. My worry was how had the dishes been cleaned before// Air B&B said go purchase them and we will reimburse you-great news for a tired traveller. We left as we felt this didn‚Äôt meet hygiene requirements. Air B &B failed to see our point or even listen. I will struggle to use their service again.",2024-10-04T16:53:43.000Z
1,"I have decided to never use Airbnb again.  I have had experience after experience after experience.  Filth, lies, , misrepresentations, bed bugs, scorpions, floods - you name it.  There is no regulation. One cannot rely on reviews.  I am not sure why, but people are not honest in reviews, so the ratings cannot be trusted.  Our latest experiences relate to a trip to Croatia fro 9/2/24-9/25/24.  We have horrific stories from a trip to WA last summer. We will never use Airbnb again.",2024-09-27T17:11:53.000Z
1,"Having booked and stayed at a property which was fine we were then asked to provide feedback on leaving. The only criticism we stated was the garden required attention, grass needed cut, weeding and the small decking was a bit wobbly. They came back and said there were safety issues which was totally incorrect. Don‚Äôt book with Airbnb.",2024-09-26T10:55:54.000Z
1,"Made a complaint about the accommodation. Sent evidence as required to be informed that it wasn't meeting there requirements1, flat smelt of rooten food2, dirty and cluttered (pictures as advertised on Airbnb showed a clean uncluttered environment?)3,dirty urinated puppy pad by front door4, I was left with a dog expecting owner of property to return 10pm as arranged. Arrived back 23.45 after getting drunkApparently this is exceptable and dosnt require a refund according to Airbnb?!?!?I stayed 1 night then left",2024-09-21T01:18:13.000Z
1,"What a terrible experience compared to VRBO. We have rented dozens upon dozens of homes through VRBO and they have all been positive, properties as described. This is not the case with Airbnb. Used Airbnb once to rent an apartment that was described as having a fenced yard. What the host didn‚Äôt say is that fenced yard is shared with children and other people, which was a problem. The host also spied on us the entire time, sending text messages about where we are and what we‚Äôre doing and ‚Äúhaven‚Äôt seen you at all today.‚Äù It was creepy and Airbnb not only denied us the opportunity to leave a review, they offered nothing in the way of an apology.",2024-09-30T13:10:18.000Z
1,"DO NOT EVER USE AIRBNB!!! They are thieves, customer service is a worthless JOKE! I rented a unit, which had MICE, airbnb said I could leave and get reimbursed, but they DID NOT REIMBURSE me for the unused portion. They they rented it out to someone else, thereby collecting double rent! Customer service doesn't speak English and says they can't help. NEVER USE AIRBNB!!! I will be filing complaint with FTC.",2024-09-27T18:49:11.000Z
5,"I have been using air BNB for nearly 3 years. My partner and I have stayed in properties in York, Castleton, Haworth, Whitby, Penrith, Kirkoswald and Keswick. All properties and host communication have been excellent. I find it sad to read the negative reviews from hosts who in my opinion work very hard to ensure clients like myself have an enjoyable stay. As a renter/non host I find Air BnB convenient and good value for money.",2024-09-14T22:40:07.000Z
1,"Scammers renting Airbnb titled ""Cozy 2B1B Home Near Downtown MV"" at 1048 Wright Ave Mountain View, CA. Rental was dirty and unable to be used. Hosts (Karen & Taiqing) tried to get us to go to another one of their properties for a higher cost. Hosts refuse to provide refund. Airbnb support was horrible and did not help with obtaining refund. They will scam you!!",2024-09-16T02:13:36.000Z
2,"This startup followed the classic ""bait-and-switch"" tactic, offering free services at first to hook users and then hiking prices to absurd levels once they dominated the market. What started as a helpful platform has turned into a greedy monopoly, with little care for its customers' well-being. The housing market has particularly felt the impact. It's another case of a once-promising company prioritizing profits over people, making an already tough housing situation even worse.",2024-10-03T16:55:44.000Z
1,The first time I booked months in advance and they canceled it on me a month before.  Prices soared and would not help me find a comparable accommodation.Next they let people list condos that don't have availability.  It shows availability and then you have to wait for the owner to respond.  Then the owner responds saying its no longer available.  I was told by 9 different owners their unit was available but it was listed as available.  Horrible system!,2024-09-25T16:39:14.000Z
1,"Will never use again. Had an unsafe stay at ""Pristine first floor getaway in Little Italy Toronto - host Celestine"" as the bed and shower were broken to the point they were unsafe to use. Tried to call Air BnB was told to work it out with host who was unresponsive. Host eventually sent her partner down who threatened us, called us names and resorted to shoving paint cans under the bed to ""fix it"" then left. I tried again to speak to Air BnB and was told to check out the next morning and was refunded. Host then left a review calling me and my partner ""fat""?! Saying we broke the furniture because we're overweight and obviously don't want to pay for it to be fixed. Again I spoke to customer service and was told ""they can say what they want"". Absolute joke. Not safe to stay with them. No protection whatsoever from safety issues, harassment or threats. Absolutely disgusting. Will never ever use again and will be advising others not to either.",2024-10-09T11:06:42.000Z
1,"Love the App, love the Customer Service but I totally dislike that Airbnb became from the Hosts.It's absolutely overpriced Apartments with real bad quality furniture - cheapest of the cheap, Hosts outright lie despite Videoproofs of the Guest and even intimidate you later on with threats because they have all your contact informations while you only have they share with you. One Airbnb Host in Bucarest, Romania, had Cockroaches in the Apartment. The big brown ones. And not just one, but 3 dead and 5 I catched alive in a single night. So how bad is the situation? Ok back then I got my money back but 3 Weeks later the Host started contacting me on my Phone Number and even threaten me to edit my FIVE STAR REVIEW where I was saying there are ""friends one can make :D""... they just went on with threats first with fines and then later that they know how I look like and that Bucarest is ""small"". A lot of very scammy people on this plattform.",2024-10-09T15:43:27.000Z
2,"Having used airbnb a number of times (20+) over the previous 8 years my current experience of trying to book accommodation for a 4 week stay in Turkey is becoming a nightmare. In short I have now had five separate hosts asking me to cancel. I know their game, i.e. if I cancel they can then resell the room at a higher rate, but after getting wise I just make them cancel the booking to share my hassle.  There is a fine imposed by airbnb but considering one of these was being advertised the weeks before and after my booked and paid for visit at 10x my price paid they've probably just had it advertised somewhere else and sold to the highest bidder.airbnb really need to get a grip on this. Clearly with such a low rating on trust pilot (I was surprised just how low) I am not alone in thinking this is company on the slide.",2024-09-27T14:51:15.000Z
1,"Terrible experience with host communication and little help from Airbnb. We were travelling with our 3m baby and so had extra bags and stroller. I booked a place after confirming with the host there was an elevator however only when we actually arrived at the apartment building were we told the elevator doesn't work and the apartment is on the 6th floor. Passing residents told us this has been broken for months and that it won't be fixed for a few more weeks. So not wanting to lug the stroller and bags up and down 6 flights of stairs every time we come and go we had to cancel the booking. Contacted the Airbnb who said they would contact the host and then get back to me. Given it was late at night (9pm) you'd think they'd call back soon, especially with a crying baby in the background. I call them back 30m later and am told that they will help with a refund only and I need to do another booking. Now booking last minute hotel late at night ended up costing us more than double than if we'd booked the hotel in the first place and Airbnb never got back to me again. So I was left late at night with a cryinging baby and no place to stay, made to pay more than double for a hotel. I don't think I'll ever use Airbnb again as this was a very stressful evening with no help from Airbnb",2024-10-17T08:37:10.000Z
1,"They refuse to post honest reviews on their own site. We booked a falsely advertised home and upon arrival, we couldn‚Äôt even breathe walking through the door because of the mold. With further inspection there was mold throughout the home, duct tape as molding, tape covered fire alarms, BED BUGS. Airbnb refused to give me a full refund for a place we were at for a total of 20 minutes and said we need to go get pictures of ‚Äúblood on the sheets‚Äù or ‚Äúbites from the bed bugs‚Äù in order to issue a full refund. They would not allow me to speak to a supervisor and would call at 10pm at night when they knew I wouldn‚Äôt answer the phone. I provided multiple pictures and videos of this place and they said there was not enough evidence and lied about not seeing the photos sent in the digital chat where I then had to provide screenshots of our conversation. It‚Äôs beyond concerning that they allow the listing to remain on their site, along with protecting the falsely advertised homes and not their customers safety.",2024-10-05T02:56:50.000Z
1,"Great if everything goes according to the planBUTAs a guest and a super host, I have experienced appalling customer service if the accommodation is not as described or when guests damage my property.Airbnb insist on hiring cheap low-calibre staff in countries where the workers can't afford to travel to Europe.I was once awarded ¬£35 to get professional carpet cleaners to clean a soiled carpet. This shows how clueless the staff are about the cost of living in London.",2024-09-24T14:30:33.000Z
1,Have been a host and so disapointing with the poorly skilled administration team and broken leadership.We have a claim regarding a missing remote control and they‚Äôve actually requested a photo of the missing item.It‚Äôs a massive money grab with poor back end processes and incredibly unprofessional with unskilled staff.,2024-10-07T00:27:52.000Z
